SKU Number,SKU Description,Order Quantity,FRD
LBE010007N,LBEO Peppermint 16oz,"4,056",9/15/2025
LBE010007N,LBEO Peppermint 16oz,"6,000",10/13/2025
LBE010007N,LBEO Peppermint 16oz,"4,056",11/17/2025
NTS010002N,NS Lavender 16oz,"1,008",9/15/2025
NTS010002N,NS Lavender 16oz,"1,584",10/13/2025
LBE010014N,LBEO Peppermint 2/16oz,"1,152",9/15/2025
LBE010014N,LBEO Peppermint 2/16oz,"1,104",10/13/2025
LBE010017N,LAB BULK Lavender Essential Oil - 16 oz - 2 Pack,"1,008",10/13/2025
LBE010017N,LAB BULK Lavender Essential Oil - 16 oz - 2 Pack,"1,008",11/17/2025
LBE010016N,LAB BULK Lavender Essential Oil - 16 oz - 1 Pack,"1,104",9/15/2025
LBE010016N,LAB BULK Lavender Essential Oil - 16 oz - 1 Pack,"1,104",10/13/2025
NLT010027N,NL Vanilla 4oz,750,9/15/2025
NLT010027N,NL Vanilla 4oz,750,11/17/2025
OLA010044N,OP Peppermint 16oz,"1,200",11/17/2025
NTS010008N,NS Eucalyptus 16oz,"1,008",9/15/2025
NTS010008N,NS Eucalyptus 16oz,552,10/13/2025
HPU010010N,HP - Eucalyptus Oil - 16oz,456,10/13/2025
HPU010010N,HP - Eucalyptus Oil - 16oz,456,11/17/2025
NTS010001N,NS Peppermint 16oz,"1,752",10/13/2025
SUN010047N,SO Fir Needle 4oz,400,9/15/2025
SUN010047N,SO Fir Needle 4oz,650,10/13/2025
HSO010540N,HSO Cinnamon Cassia 10ml,301,10/13/2025
GEO010190N,GE Fir 10ml,750,9/15/2025
ART010082N,AR Breathe Blend 30ml,301,10/13/2025
NTS010004N,NS-S Peppermint 2/16oz,"1,332",10/13/2025
OLA010050N,OP Vanilla 8oz,312,10/13/2025
SUN010108N,SO Vanilla 16oz,312,9/15/2025
SUN010108N,SO Vanilla 16oz,312,11/17/2025
PUG010029N,PG Peru Balsam 10ml,301,10/13/2025
NLT010020N,NL Vanilla 16oz,301,9/15/2025
NLT010020N,NL Vanilla 16oz,168,11/17/2025
HSO010808N,HSO Balsam Fir 10ml,150,9/15/2025
HSO010808N,HSO Balsam Fir 10ml,301,11/17/2025
HSO010151N,HS-S Frank&Myrrh CmboPk 10ml,301,11/17/2025
HSO010146N,HS Thuja 10ml,301,10/13/2025
GEO010293N,GE Balsam 10ml,600,10/13/2025
GEO010040N,GE Lilac 30ml,200,10/13/2025
ART010095N,AR Birch 30ml,200,10/13/2025
LBE010020N,LAB BULK Eucalyptus Essential Oil - 16 oz - 1 Pack,600,10/13/2025
OLA010007N,OP Tea Tree 4oz,301,10/13/2025
HSO010751N,HSO Patchouli 10ml Roll-On 2pk,700,9/15/2025
GEO010016N,GE Forest Pine 30ml,600,10/13/2025
GEO010008N,GE Gingerbread 30ml,500,10/13/2025
ART010103N,AR Rosewater 4oz,500,10/13/2025
ART010064N,AR Thyme 30ml,200,10/13/2025
ART010049N,AR Fir Needle 30ml,600,10/13/2025
HPU010007N,HP Tea Tree 16oz,600,10/13/2025
SUN010167N,SO Breathe Blend 4oz,301,9/15/2025
PUG010005N,PG Vanilla 10ml,301,10/13/2025
HSO010560N,HSO Pine 10ml,450,9/15/2025
HSO010545N,HSO Thyme 10ml,301,9/15/2025
HSO010545N,HSO Thyme 10ml,301,11/17/2025
HSO010025N,HS Clove 10ml,450,9/15/2025
ART010074N,AR Jojoba 4oz,350,10/13/2025
HSO010827N,HSO Peppermint 2oz Spray,550,9/15/2025
OLA010040N,OP Lemon Eucalyptus 16oz,301,10/13/2025
OLA010016N,OP Patchouli 4oz,301,10/13/2025
GEO010238N,GE Tobacco Vanilla 30ml,400,10/13/2025
ART010093N,AR Argan (Moroccan) 4oz,200,10/13/2025
ART010058N,AR Cinnamon 30ml,301,10/13/2025
SUN010104N,SO Tea Tree 16oz,312,9/15/2025
SUN010104N,SO Tea Tree 16oz,312,10/13/2025
NLT010008N,NL Orange (Sweet) 16oz,384,11/17/2025
LBE010021N,LAB BULK Eucalyptus Essential Oil - 16 oz - 2 Pack,"1,104",9/15/2025
SUN010182N,SO Pine 16oz,360,10/13/2025
OLA010023N,OP Peppermint 8oz,301,10/13/2025
SUN010048N,SO Cinnamon Bark 4oz,301,10/13/2025
NLT010023N,NL Lemongrass 4oz,301,10/13/2025
SUN010100N,SO Rosemary 16oz,336,9/15/2025
OLA010051N,OP Vanilla 16oz,336,11/17/2025
OLA010018N,OP Clove 16oz,168,11/17/2025
LBE010019N,LAB BULK Tea Tree Essential Oil - 16 oz - 2 Pack,168,11/17/2025
SUN010091N,SO Lemon 16oz,312,11/17/2025
OOY010016N,OOY Lavender 16oz,168,11/17/2025
OLA010030N,OP Frankincense 16oz,312,10/13/2025
SUN010024N,SO Myrrh 4oz,301,10/13/2025
LBE010023N,LAB BULK Lemongrass Essential Oil - 16 oz - 2 Pack,456,10/13/2025
HSO010775N,HSO Hyssop 10ml,301,10/13/2025
HSO010407N,HS Joy Blend 30ml,301,10/13/2025
HSO010027N,HS Cassia 10ml,301,9/15/2025
GEO010262N,GE Tobacco Vanilla 10ml,150,11/17/2025
GEO010161N,GE Plumeria 30ml,301,10/13/2025
GEO010153N,GE Plumeria 10ml,150,10/13/2025
GEO010091N,GE Bamboo 30ml,200,11/17/2025
GEO010031N,GE Sugar Cookies 30ml,500,9/15/2025
SUN010120N,SO Cedarwood 8oz,301,9/15/2025
SUN010109N,SO Vanilla 8oz,320,9/15/2025
OLA010036N,OP Eucalyptus 16oz,264,10/13/2025
NTS010005N,NS Tea Tree 16oz,301,11/17/2025
SUN010247N,SO Sandalwood (Australian) 4oz,250,10/13/2025
SUN010029N,SO Ginger 4oz,301,10/13/2025
ART010130N,AR Patchouli 4oz,200,9/15/2025
SUN010094N,SO Lemongrass 8oz,240,10/13/2025
OOY010060N,OOY Pine 16oz,216,10/13/2025
NLT010019N,NL Eucalyptus 16oz,408,10/13/2025
NTS010003N,NS-S Peppermint 4/16oz,150,9/15/2025
SUN010257N,SO Four Knives 4oz,200,10/13/2025
SUN010077N,SO Eucalyptus 8oz,200,10/13/2025
SUN010045N,SO Cypress 4oz,200,10/13/2025
SUN010004N,SO Frankincense 4oz,200,11/17/2025
OOY010048N,OOY Thyme 4oz,200,9/15/2025
GEO010315N,GE Balsam 30ml,301,9/15/2025
GEO010308N,GE Frankincense & Myrrh 30ml,200,10/13/2025
GEO010230N,GE Almond 30ml,200,10/13/2025
GEO010217N,GE Chai Tea 30ml,200,11/17/2025
GEO010156N,GE Green Tea 30ml,200,9/15/2025
GEO010109N,GE Fruit Cereal 30ml,"1,000",10/13/2025
GEO010057N,GE Leather 30ml,200,9/15/2025
GEO010048N,GE Christmas Wreath 30ml,400,10/13/2025
GEO010025N,GE Brown Sugar 30ml,200,11/17/2025
GEO010021N,GE Fresh Cut Grass 30ml,200,10/13/2025
GEO010018N,GE Cotton Candy 30ml,200,10/13/2025
GEO010004N,GE Strawberry 30ml,200,9/15/2025
ART010036N,AR Deep Muscle Relief Blend 30ml,200,10/13/2025
ART010028N,AR Cleaning Blend 30ml,200,11/17/2025
SUN010253N,SO Four Knives 16oz,192,10/13/2025
SUN010087N,SO Geranium 16oz,192,10/13/2025
SUN010215N,SO Cinnamon Leaf 16oz,168,10/13/2025
OOY010076N,OOY Sandalwood 8oz,160,9/15/2025
OOY010063N,OOY Rose 8oz,160,9/15/2025
ART010277N,AR Rosehip 8oz,160,9/15/2025
SUN010277N,SO Head Relief Blend 4oz,150,9/15/2025
SUN010241N,SO Earth & Wood Blend 4oz,150,9/15/2025
SUN010175N,SO Cassia 4oz,150,10/13/2025
SUN010041N,SO Black Pepper 4oz,250,11/17/2025
SUN010002N,SO Peppermint 2oz,150,9/15/2025
PUG010044N,PG Alpha Bisabolol 10ml,150,10/13/2025
PUG010004N,PG Yarrow 10ml,150,9/15/2025
OLA010002N,OP Oregano 4oz,150,10/13/2025
HSO010530N,HSO Peppermint 10ml,150,10/13/2025
HSO010524N,HSO Eucalyptus 10ml,150,10/13/2025
HSO010183N,HS-S Best Blends Set 6/10ml,301,10/13/2025
HSO010061N,HS Tagetes 10ml,150,10/13/2025
HSO010036N,HS Birch 10ml,150,10/13/2025
GEO010297N,GE Almond 10ml,301,9/15/2025
GEO010111N,GE Sugar Cookies 10ml,150,11/17/2025
ART010245N,AR Orange (Wild) 2oz,200,9/15/2025
ART010155N,AR Rosemary 2oz,200,9/15/2025
OOY010102N,OOY Chamomile (Roman) 16oz,168,9/15/2025
OLA010055N,OP Orange 16oz,168,9/15/2025
HPU010005N,HP Peppermint 8oz,160,11/17/2025
SUN010163N,SO Deep Muscle Relief Blend 4oz,150,9/15/2025
OLA010010N,OP Ginger 4oz,150,11/17/2025
HSO010735N,HSO Deep Muscle Relief 10ml Roll-On 2pk,200,10/13/2025
HSO010512N,HS Peppermint 120ml,150,9/15/2025
HSO010178N,HS Breathe Blend 30ml,200,10/13/2025
GEO010246N,GE Berries & Cream 30ml,200,10/13/2025
GEO010124N,GE Pear 30ml,200,10/13/2025
GEO010110N,GE Honeysuckle 30ml,200,10/13/2025
GEO010038N,GE Fresh Cotton 30ml,200,9/15/2025
GEO010006N,GE Campfire 30ml,200,10/13/2025
ART010110N,AR Orange (Sweet) 4oz,150,11/17/2025
ART010108N,AR Good Sleep Blend 4oz,150,10/13/2025
SUN010085N,SO Grapefruit 16oz,168,11/17/2025
SUN010074N,SO Cypress 16oz,168,11/17/2025
OOY010066N,OOY Cinnamon Bark 16oz,168,9/15/2025
OOY010004N,OOY Peppermint 16oz,200,10/13/2025
OLA010037N,OP Eucalyptus 8oz,160,10/13/2025
OLA010034N,OP Patchouli 8oz,160,10/13/2025
SUN010078N,SO Fir Needle 16oz,168,9/15/2025
NTS010011N,NS-S Lavender 4/16oz,150,10/13/2025
SUN010144N,SO Key Lime 4oz,150,9/15/2025
OOY010081N,OOY Ylang Ylang 4oz,150,9/15/2025
OLA010013N,OP Eucalyptus 4oz,200,10/13/2025
OLA010006N,OP Rose Geranium 4oz,301,11/17/2025
OLA010020N,OP Ginger 16oz,240,9/15/2025